NumCloseFrd,Comm1,Comm2,Comm3
0,0.060802,0.22217767,0.012337
1,0.093153,0.20456631,0.02048
2,0.1513338,0.17078881,0.034483
3,0.195803,0.12930618,0.06143892
4,0.155803,0.08274961,0.082201
5,0.129174,0.0553239,0.1198865
6,0.100564,0.0416732,0.159224
7,0.0711,0.02535346,0.17506906
8,0.02232,0.01951525,0.13212852
9,0.0081687,0.01526138,0.10054
10,0.0042882,0.01210169,0.060624
11,0.0035563,0.00971462,0.025688
12,0.002486,0.00788396,0.010857
13,0.001448,0.00358396,0.005043
