,PEI,New Brunswick,Ontario,BC,Comm1,Comm2,Comm3
0,0,0,0,0,0,0,0
1,0.515847089,0.552061178,0.499949004,0.432596855,0.65,0.15,0.2
2,0.258716545,0.223717888,0.238115956,0.259593015,0.2,0.5,0.6
3,0.225436366,0.224220934,0.26193504,0.30781013,0.15,0.35,0.2
